INSERT INTO varselkode(kode, avviklet) VALUES ('SB_BO_1', false) ON CONFLICT (kode) DO NOTHING;
INSERT INTO varselkode(kode, avviklet) VALUES ('SB_BO_2', false) ON CONFLICT (kode) DO NOTHING;
INSERT INTO varselkode(kode, avviklet) VALUES ('SB_BO_3', false) ON CONFLICT (kode) DO NOTHING;
INSERT INTO varselkode(kode, avviklet) VALUES ('SB_BO_4', false) ON CONFLICT (kode) DO NOTHING;
INSERT INTO varselkode(kode, avviklet) VALUES ('SB_BO_5', true) ON CONFLICT (kode) DO NOTHING;
INSERT INTO varselkode(kode, avviklet) VALUES ('SB_EX_1', false) ON CONFLICT (kode) DO NOTHING;
INSERT INTO varselkode(kode, avviklet) VALUES ('SB_EX_2', true) ON CONFLICT (kode) DO NOTHING;
INSERT INTO varselkode(kode, avviklet) VALUES ('SB_EX_3', false) ON CONFLICT (kode) DO NOTHING;
INSERT INTO varselkode(kode, avviklet) VALUES ('SB_IK_1', false) ON CONFLICT (kode) DO NOTHING;
INSERT INTO varselkode(kode, avviklet) VALUES ('SB_RV_1', false) ON CONFLICT (kode) DO NOTHING;
INSERT INTO varselkode(kode, avviklet) VALUES ('SB_RV_2', false) ON CONFLICT (kode) DO NOTHING;
INSERT INTO varselkode(kode, avviklet) VALUES ('SB_RV_3', false) ON CONFLICT (kode) DO NOTHING;

INSERT INTO varsel_tittel(varselkode_ref, tittel) VALUES ((SELECT id FROM varselkode WHERE kode = 'SB_BO_1'), 'Beslutteroppgave: Lovvalg og medlemskap');
INSERT INTO varsel_tittel(varselkode_ref, tittel) VALUES ((SELECT id FROM varselkode WHERE kode = 'SB_BO_2'), 'Beslutteroppgave: Overstyring av utbetalingsdager');
INSERT INTO varsel_tittel(varselkode_ref, tittel) VALUES ((SELECT id FROM varselkode WHERE kode = 'SB_BO_3'), 'Beslutteroppgave: Overstyring av inntekt');
INSERT INTO varsel_tittel(varselkode_ref, tittel) VALUES ((SELECT id FROM varselkode WHERE kode = 'SB_BO_4'), 'Beslutteroppgave: Overstyring av annet arbeidsforhold');
INSERT INTO varsel_tittel(varselkode_ref, tittel) VALUES ((SELECT id FROM varselkode WHERE kode = 'SB_BO_5'), 'Beslutteroppgave: Lovvalg og medlemskap og/eller overstyring av utbetalingsdager og/eller overstyring av inntekt og/eller overstyring av annet arbeidsforhold');
INSERT INTO varsel_tittel(varselkode_ref, tittel) VALUES ((SELECT id FROM varselkode WHERE kode = 'SB_EX_1'), 'Det finnes åpne oppgaver på sykepenger i Gosys');
INSERT INTO varsel_tittel(varselkode_ref, tittel) VALUES ((SELECT id FROM varselkode WHERE kode = 'SB_EX_2'), 'Ikke registrert eller mangler samtykke i Kontakt- og reservasjonsregisteret, eventuell kommunikasjon må skje i brevform');
INSERT INTO varsel_tittel(varselkode_ref, tittel) VALUES ((SELECT id FROM varselkode WHERE kode = 'SB_EX_3'), 'Kunne ikke sjekke åpne oppgaver på sykepenger i Gosys');
INSERT INTO varsel_tittel(varselkode_ref, tittel) VALUES ((SELECT id FROM varselkode WHERE kode = 'SB_IK_1'), 'Registrert fullmakt på personen');
INSERT INTO varsel_tittel(varselkode_ref, tittel) VALUES ((SELECT id FROM varselkode WHERE kode = 'SB_RV_1'), 'Faresignaler oppdaget. Kontroller om faresignalene påvirker retten til sykepenger');
INSERT INTO varsel_tittel(varselkode_ref, tittel) VALUES ((SELECT id FROM varselkode WHERE kode = 'SB_RV_2'), 'Veileder har stanset automatisk behandling. Se Gosys for mer informasjon');
INSERT INTO varsel_tittel(varselkode_ref, tittel) VALUES ((SELECT id FROM varselkode WHERE kode = 'SB_RV_3'), 'Kunne ikke sjekke om veileder har stanset automatisk behandling på grunn av teknisk feil');

INSERT INTO varsel_forklaring(varselkode_ref, forklaring) VALUES ((SELECT id FROM varselkode WHERE kode = 'SB_BO_1'), null);
INSERT INTO varsel_forklaring(varselkode_ref, forklaring) VALUES ((SELECT id FROM varselkode WHERE kode = 'SB_BO_2'), null);
INSERT INTO varsel_forklaring(varselkode_ref, forklaring) VALUES ((SELECT id FROM varselkode WHERE kode = 'SB_BO_3'), null);
INSERT INTO varsel_forklaring(varselkode_ref, forklaring) VALUES ((SELECT id FROM varselkode WHERE kode = 'SB_BO_4'), null);
INSERT INTO varsel_forklaring(varselkode_ref, forklaring) VALUES ((SELECT id FROM varselkode WHERE kode = 'SB_BO_5'), null);
INSERT INTO varsel_forklaring(varselkode_ref, forklaring) VALUES ((SELECT id FROM varselkode WHERE kode = 'SB_EX_1'), 'Det ligger aktive oppgaver med tema sykepenger i Gosys.');
INSERT INTO varsel_forklaring(varselkode_ref, forklaring) VALUES ((SELECT id FROM varselkode WHERE kode = 'SB_EX_2'), 'Brukeren har ikke bekreftet valget om reservasjon de siste 18 månedene.');
INSERT INTO varsel_forklaring(varselkode_ref, forklaring) VALUES ((SELECT id FROM varselkode WHERE kode = 'SB_EX_3'), 'Den automatiske sjekken etter Gosys-oppgaver har feilet, og vi vet ikke om det finnes Gosys-oppgaver eller ikke');
INSERT INTO varsel_forklaring(varselkode_ref, forklaring) VALUES ((SELECT id FROM varselkode WHERE kode = 'SB_IK_1'), null);
INSERT INTO varsel_forklaring(varselkode_ref, forklaring) VALUES ((SELECT id FROM varselkode WHERE kode = 'SB_RV_1'), null);
INSERT INTO varsel_forklaring(varselkode_ref, forklaring) VALUES ((SELECT id FROM varselkode WHERE kode = 'SB_RV_2'), null);
INSERT INTO varsel_forklaring(varselkode_ref, forklaring) VALUES ((SELECT id FROM varselkode WHERE kode = 'SB_RV_3'), null);

INSERT INTO varsel_handling(varselkode_ref, handling) VALUES ((SELECT id FROM varselkode WHERE kode = 'SB_BO_1'), null);
INSERT INTO varsel_handling(varselkode_ref, handling) VALUES ((SELECT id FROM varselkode WHERE kode = 'SB_BO_2'), null);
INSERT INTO varsel_handling(varselkode_ref, handling) VALUES ((SELECT id FROM varselkode WHERE kode = 'SB_BO_3'), null);
INSERT INTO varsel_handling(varselkode_ref, handling) VALUES ((SELECT id FROM varselkode WHERE kode = 'SB_BO_4'), null);
INSERT INTO varsel_handling(varselkode_ref, handling) VALUES ((SELECT id FROM varselkode WHERE kode = 'SB_BO_5'), null);
INSERT INTO varsel_handling(varselkode_ref, handling) VALUES ((SELECT id FROM varselkode WHERE kode = 'SB_EX_1'), 'Sjekk Gosys-oppgavene og vurder om de påvirker saksbehandlingen.');
INSERT INTO varsel_handling(varselkode_ref, handling) VALUES ((SELECT id FROM varselkode WHERE kode = 'SB_EX_2'), 'Dersom vi ønsker å kommunisere med brukeren, enten for å sende et vedtak eller hente inn informasjon, må det være på brev og ikke i automatiske løsninger.');
INSERT INTO varsel_handling(varselkode_ref, handling) VALUES ((SELECT id FROM varselkode WHERE kode = 'SB_EX_3'), 'Undersøk om det er åpne Gosys-oppgaver på sykepenger på bruker, og vurder om saken kan behandles ut i fra innholdet i oppgaven(e)');
INSERT INTO varsel_handling(varselkode_ref, handling) VALUES ((SELECT id FROM varselkode WHERE kode = 'SB_IK_1'), null);
INSERT INTO varsel_handling(varselkode_ref, handling) VALUES ((SELECT id FROM varselkode WHERE kode = 'SB_RV_1'), null);
INSERT INTO varsel_handling(varselkode_ref, handling) VALUES ((SELECT id FROM varselkode WHERE kode = 'SB_RV_2'), null);
INSERT INTO varsel_handling(varselkode_ref, handling) VALUES ((SELECT id FROM varselkode WHERE kode = 'SB_RV_3'), null);